ticket_id,submitted_by,description
1001,jsmith,"Outlook keeps crashing every time I open an email with an attachment. Started this morning."
1002,mlopez,"I need VPN access so I can work from home starting next Monday."
1003,akim,"The printer on the 3rd floor says offline and nobody can print. We have a client meeting in an hour!"
1004,bwhite,"Forgot my password and I'm locked out of my laptop."
1005,tnguyen,"Can you install Adobe Acrobat Pro on my computer? Need it for contracts."
1006,rpatel,"The whole sales team can't reach the shared drive. Getting access denied errors."
1007,cjones,"My second monitor flickers on and off. Not urgent, just annoying."
1008,dgarcia,"Got a weird email asking me to verify my bank login. I clicked the link before I realized. What do I do?"
1009,ewilson,"Wi-Fi in conference room B drops every few minutes."
1010,fmartin,"New hire Sarah starts Tuesday and needs a laptop, email account, and Teams access."
1011,gbrown,"Excel freezes when I open the quarterly budget file. Other files are fine."
1012,hlee,"Website for customers is showing a 500 error. Customers are calling us."
1013,ianderson,"Can I get a bigger mailbox? I keep getting storage full warnings."
1014,jthomas,"My laptop battery dies after 30 minutes."
1015,kmoore,"Teams calls keep dropping audio for everyone in the Raleigh office."
1016,ltaylor,"Please remove access for Mark Davis, his last day was Friday."
1017,mjackson,"The keyboard on my laptop has a sticky spacebar."
1018,nharris,"Server room temperature alarm is going off."
1019,oclark,"How do I set up my out-of-office reply?"
1020,plewis,"Antivirus popped up saying it found a threat and quarantined a file."
