ticket_id,submitted_by,description,summary,category,priority,assigned_team
1001,jsmith,Outlook keeps crashing every time I open an email with an attachment. Started this morning.,Outlook crashes whenever I open emails that contain attachments since this morning.,Software,Medium,Application Support
1002,mlopez,I need VPN access so I can work from home starting next Monday.,User requests VPN access to work from home starting next Monday.,Access,Medium,Identity & Access Team
1003,akim,The printer on the 3rd floor says offline and nobody can print. We have a client meeting in an hour!,"Third-floor printer is offline and no one can print, blocking an imminent client meeting",Hardware,High,Desktop Support
1004,bwhite,Forgot my password and I'm locked out of my laptop.,User is locked out of their laptop after forgetting their password,Access,High,Identity & Access Team
1005,tnguyen,Can you install Adobe Acrobat Pro on my computer? Need it for contracts.,User requests Adobe Acrobat Pro installation on their computer to work on contracts.,Software,Medium,Application Support
1006,rpatel,The whole sales team can't reach the shared drive. Getting access denied errors.,Sales team cannot access the shared drive and are receiving access denied errors,Access,High,Identity & Access Team
1007,cjones,"My second monitor flickers on and off. Not urgent, just annoying.",Second monitor intermittently flickers on and off.,Hardware,Low,Desktop Support
1008,dgarcia,Got a weird email asking me to verify my bank login. I clicked the link before I realized. What do I do?,Clicked a phishing email link asking to verify bank login.,Security,Critical,Security Team
1009,ewilson,Wi-Fi in conference room B drops every few minutes.,Wi-Fi in Conference Room B repeatedly disconnects every few minutes.,Network,High,Network Team
1010,fmartin,"New hire Sarah starts Tuesday and needs a laptop, email account, and Teams access.","Provision laptop, email account, and Teams access for new hire Sarah starting Tuesday",Request,Medium,Service Desk
1011,gbrown,Excel freezes when I open the quarterly budget file. Other files are fine.,Excel freezes when opening the quarterly budget file.,Software,High,Application Support
1012,hlee,Website for customers is showing a 500 error. Customers are calling us.,Customer-facing website is returning HTTP 500 errors causing customer access failures,Software,Critical,Application Support
1013,ianderson,Can I get a bigger mailbox? I keep getting storage full warnings.,User requests a larger mailbox due to repeated storage full warnings,Request,Medium,Service Desk
1014,jthomas,My laptop battery dies after 30 minutes.,Laptop battery only lasts about 30 minutes before dying,Hardware,Medium,Desktop Support
1015,kmoore,Teams calls keep dropping audio for everyone in the Raleigh office.,Microsoft Teams calls repeatedly lose audio for all users in the Raleigh office,Network,Critical,Network Team
1016,ltaylor,"Please remove access for Mark Davis, his last day was Friday.",Remove all system access for Mark Davis following his last day on Friday,Access,Medium,Identity & Access Team
1017,mjackson,The keyboard on my laptop has a sticky spacebar.,"Laptop spacebar is sticky, causing typing problems.",Hardware,Medium,Desktop Support
1018,nharris,Server room temperature alarm is going off.,Server room temperature alarm is going off indicating elevated environmental temperature.,Hardware,High,Desktop Support
1019,oclark,How do I set up my out-of-office reply?,User is asking how to set up an out-of-office (automatic) email reply.,Software,Low,Application Support
1020,plewis,Antivirus popped up saying it found a threat and quarantined a file.,Antivirus detected a threat and quarantined a file on the user's machine.,Security,Critical,Security Team
